Entire home/apt,14.0,Central 1BR Apt in Foodie Haven Hipster Paradise
Entire home/apt,14.0,Senja cozy
Entire home/apt,31.0,Cozy Private Room in Nice Apartment with Pool
Entire home/apt,39.0,Spacious Basic Studio in a Local Hood!
Entire home/apt,42.0,Capsule Pod Single Bed in 4 Female Share Room
Private room,14.0,Small room for you
Private room,15.0,Single room perfect central location in Chinatown
Private room,15.0,Maid's Room For Rent $15/Day
Private room,15.0,Warm Accomodation 1 Bedroom in the East
Private room,15.0,Aircon 1 or 2 adults with/without child > 10 years
Shared room,14.0,Master Bedroom at The Clearwater Condo
Shared room,15.0,Cozy room @ Jurong
Shared room,18.0,COSY SINGLE BED CAPSULE IN HOSTEL 1
Shared room,18.0,Campbell Inn Dorm - Rochor Station
Shared room,19.0,GUYS only - Near trains & food Clean quiet & windy
